Time,Sensor,Bubble
2022-12-15 13:09:06.462473,0,LIQUID
2022-12-15 13:32:38.599276,0,LIQUID
2022-12-15 13:32:53.925605,0,LIQUID
2022-12-15 13:33:09.348855,0,LIQUID
2022-12-15 13:39:35.439296,0,LIQUID
2022-12-15 13:39:38.651187,0,LIQUID
2022-12-15 13:39:50.573469,0,LIQUID
2022-12-15 13:39:54.201937,0,LIQUID
2022-12-15 13:40:05.557582,0,LIQUID
2022-12-15 13:40:24.769252,0,LIQUID
2022-12-15 13:40:36.306257,0,LIQUID
2022-12-15 13:40:55.440915,0,LIQUID
2022-12-15 13:41:07.285906,0,LIQUID
2022-12-15 13:41:07.843351,0,LIQUID
2022-12-15 13:41:10.505813,0,LIQUID
2022-12-15 13:41:17.693968,0,LIQUID
2022-12-15 13:41:18.188956,0,LIQUID
2022-12-15 13:41:23.033162,0,LIQUID
2022-12-15 13:41:26.263602,0,LIQUID
2022-12-15 13:41:26.478590,0,LIQUID
2022-12-15 13:41:32.869388,0,LIQUID
2022-12-15 13:41:33.755425,0,LIQUID
2022-12-15 13:41:38.162096,0,LIQUID
2022-12-15 13:41:38.309903,0,LIQUID
2022-12-15 13:41:38.573824,0,LIQUID
2022-12-15 13:41:41.585474,0,LIQUID
2022-12-15 13:41:41.945683,0,LIQUID
2022-12-15 13:41:53.839247,0,LIQUID
2022-12-15 13:41:54.008376,0,LIQUID
2022-12-15 13:41:57.591660,0,LIQUID
2022-12-15 13:41:57.881664,0,LIQUID
2022-12-15 13:42:04.099668,0,LIQUID
2022-12-15 13:42:05.069275,0,LIQUID
2022-12-15 13:42:09.216080,0,LIQUID
2022-12-15 13:42:09.398330,0,LIQUID
2022-12-15 13:42:20.023556,0,LIQUID
2022-12-15 13:42:20.697785,0,LIQUID
2022-12-15 13:42:57.227099,0,AIR
2022-12-15 13:42:59.624848,0,LIQUID
2022-12-15 13:43:12.865747,0,AIR
2022-12-15 13:43:15.696192,0,AIR
2022-12-15 13:43:15.802312,0,AIR
2022-12-15 13:43:15.980362,0,LIQUID
2022-12-15 13:43:28.532206,0,AIR
2022-12-15 13:43:28.645372,0,LIQUID
2022-12-15 13:43:31.675862,0,AIR
2022-12-15 13:43:31.819533,0,AIR
2022-12-15 13:43:31.979477,0,LIQUID
2022-12-15 13:43:44.116060,0,AIR
2022-12-15 13:43:44.244165,0,LIQUID
2022-12-15 13:43:47.724599,0,AIR
2022-12-15 13:43:47.879714,0,AIR
2022-12-15 13:43:48.004065,0,LIQUID
2022-12-15 13:43:59.851465,0,LIQUID
2022-12-15 13:44:00.023066,0,LIQUID
2022-12-15 13:44:00.223334,0,LIQUID
2022-12-15 13:44:00.446550,0,LIQUID
2022-12-15 13:44:03.151788,0,LIQUID
2022-12-15 13:44:03.255557,0,AIR
2022-12-15 13:44:03.626696,0,AIR
2022-12-15 13:44:03.942320,0,AIR
2022-12-15 13:44:04.042939,0,LIQUID
2022-12-15 13:44:10.825690,0,AIR
2022-12-15 13:44:11.152765,0,LIQUID
2022-12-15 13:44:15.683631,0,LIQUID
2022-12-15 13:44:15.920488,0,LIQUID
2022-12-15 13:44:16.138503,0,LIQUID
2022-12-15 13:44:19.474387,0,AIR
2022-12-15 13:44:19.577018,0,LIQUID
2022-12-15 13:44:19.878752,0,AIR
2022-12-15 13:44:26.811818,0,AIR
2022-12-15 13:44:27.000915,0,LIQUID
2022-12-15 13:44:31.587460,0,LIQUID
2022-12-15 13:44:31.858764,0,LIQUID
2022-12-15 13:44:35.624782,0,AIR
2022-12-15 13:44:35.747600,0,LIQUID
2022-12-15 13:44:47.532685,0,LIQUID
2022-12-15 13:44:58.330122,0,AIR
2022-12-15 13:44:58.789470,0,LIQUID
2022-12-15 13:45:14.370678,0,AIR
2022-12-15 13:45:15.273397,0,LIQUID
2022-12-15 13:46:19.355839,0,LIQUID
2022-12-15 13:46:19.772902,0,LIQUID
2022-12-15 13:47:30.088811,0,AIR
2022-12-15 13:47:30.224825,0,LIQUID
2022-12-15 13:47:33.061293,0,AIR
2022-12-15 13:47:33.223238,0,LIQUID
2022-12-15 13:47:33.351828,0,LIQUID
2022-12-15 13:47:33.478595,0,LIQUID
2022-12-15 13:47:46.311748,0,LIQUID
2022-12-15 13:47:46.478250,0,LIQUID
2022-12-15 13:47:49.763139,0,AIR
2022-12-15 13:47:49.927941,0,LIQUID
2022-12-15 13:47:50.033221,0,LIQUID
2022-12-15 13:47:50.137855,0,LIQUID
2022-12-15 13:48:02.480213,0,LIQUID
2022-12-15 13:48:02.670585,0,LIQUID
2022-12-15 13:48:02.987134,0,LIQUID
2022-12-15 13:48:06.011027,0,LIQUID
2022-12-15 13:48:06.436896,0,AIR
2022-12-15 13:48:06.615329,0,LIQUID
2022-12-15 13:48:06.780443,0,LIQUID
2022-12-15 13:48:18.781026,0,LIQUID
2022-12-15 13:48:18.995145,0,LIQUID
2022-12-15 13:48:22.812000,0,LIQUID
2022-12-15 13:48:23.333510,0,AIR
2022-12-15 13:48:35.250482,0,LIQUID
2022-12-15 13:48:35.852489,0,LIQUID
2022-12-15 13:48:36.031597,0,LIQUID
2022-12-15 13:48:38.843630,0,AIR
2022-12-15 13:48:39.163934,0,AIR
2022-12-15 13:48:39.305646,0,LIQUID
2022-12-15 13:48:39.725247,0,LIQUID
2022-12-15 13:48:52.102365,0,AIR
2022-12-15 13:48:52.297978,0,LIQUID
2022-12-15 13:48:55.502020,0,AIR
2022-12-15 13:48:55.794642,0,LIQUID
2022-12-15 13:48:55.921434,0,LIQUID
2022-12-15 13:49:08.383316,0,LIQUID
2022-12-15 13:49:08.612570,0,AIR
2022-12-15 13:49:12.390849,0,AIR
2022-12-15 13:49:12.525776,0,LIQUID
2022-12-15 13:49:12.787065,0,LIQUID
2022-12-15 13:49:12.906117,0,LIQUID
2022-12-15 13:49:18.822684,0,AIR
2022-12-15 13:49:18.967557,0,LIQUID
2022-12-15 13:49:20.618490,0,AIR
2022-12-15 13:49:24.788506,0,LIQUID
2022-12-15 13:49:25.090143,0,AIR
2022-12-15 13:49:29.343087,0,AIR
2022-12-15 13:49:29.531064,0,LIQUID
2022-12-15 13:49:29.691909,0,LIQUID
2022-12-15 13:49:35.481384,0,AIR
2022-12-15 13:49:35.654944,0,LIQUID
2022-12-15 13:49:35.957343,0,LIQUID
2022-12-15 13:49:36.287765,0,LIQUID
2022-12-15 13:49:36.395300,0,AIR
2022-12-15 13:49:36.684038,0,LIQUID
2022-12-15 13:49:36.991324,0,LIQUID
2022-12-15 13:49:37.130842,0,AIR
2022-12-15 13:49:37.408663,0,LIQUID
2022-12-15 13:49:37.618696,0,AIR
2022-12-15 13:49:41.416733,0,LIQUID
2022-12-15 13:49:41.535953,0,AIR
2022-12-15 13:49:46.056608,0,LIQUID
2022-12-15 13:49:52.286261,0,AIR
2022-12-15 13:49:52.491176,0,LIQUID
2022-12-15 13:49:52.830722,0,AIR
2022-12-15 13:49:53.007647,0,LIQUID
2022-12-15 13:49:53.567127,0,AIR
2022-12-15 13:49:53.785907,0,AIR
2022-12-15 13:49:58.114648,0,LIQUID
2022-12-15 13:49:58.787605,0,LIQUID
2022-12-15 13:50:01.864657,0,LIQUID
2022-12-15 13:50:02.065415,0,LIQUID
2022-12-15 13:50:02.247226,0,LIQUID
2022-12-15 13:50:03.021074,0,LIQUID
2022-12-15 13:50:14.659487,0,LIQUID
2022-12-15 13:50:15.111549,0,LIQUID
2022-12-15 13:50:15.220271,0,LIQUID
2022-12-15 13:50:18.461755,0,AIR
2022-12-15 13:50:18.620494,0,LIQUID
2022-12-15 13:50:25.402819,0,AIR
2022-12-15 13:50:25.932966,0,AIR
2022-12-15 13:50:26.245111,0,LIQUID
2022-12-15 13:50:30.921170,0,LIQUID
2022-12-15 13:50:31.049161,0,LIQUID
2022-12-15 13:50:34.846026,0,AIR
2022-12-15 13:50:35.055298,0,LIQUID
2022-12-15 13:50:41.106131,0,AIR
2022-12-15 13:50:41.461129,0,AIR
2022-12-15 13:50:41.628043,0,LIQUID
2022-12-15 13:50:42.331155,0,AIR
2022-12-15 13:50:42.563030,0,LIQUID
2022-12-15 13:50:46.642529,0,LIQUID
2022-12-15 13:50:46.745874,0,LIQUID
2022-12-15 13:50:47.384360,0,LIQUID
2022-12-15 13:50:47.488275,0,LIQUID
2022-12-15 13:50:49.815150,0,LIQUID
2022-12-15 13:50:49.918034,0,LIQUID
2022-12-15 13:50:50.073973,0,LIQUID
2022-12-15 13:50:56.965268,0,AIR
2022-12-15 13:50:57.278832,0,LIQUID
2022-12-15 13:50:57.433865,0,AIR
2022-12-15 13:50:57.542829,0,LIQUID
2022-12-15 13:50:57.719469,0,LIQUID
2022-12-15 13:50:57.846640,0,LIQUID
2022-12-15 13:50:58.002486,0,LIQUID
2022-12-15 13:50:58.199957,0,LIQUID
2022-12-15 13:50:58.304458,0,LIQUID
2022-12-15 13:50:58.470752,0,LIQUID
2022-12-15 13:51:03.018664,0,AIR
2022-12-15 13:51:06.046983,0,AIR
2022-12-15 13:51:06.167419,0,AIR
2022-12-15 13:51:12.947167,0,AIR
2022-12-15 13:51:13.303672,0,AIR
2022-12-15 13:51:13.498170,0,LIQUID
2022-12-15 13:51:13.876009,0,LIQUID
2022-12-15 13:51:14.106533,0,LIQUID
2022-12-15 13:51:18.797314,0,AIR
2022-12-15 13:51:19.430060,0,AIR
2022-12-15 13:51:21.620722,0,LIQUID
2022-12-15 13:51:22.478666,0,AIR
2022-12-15 13:51:22.594918,0,LIQUID
2022-12-15 13:51:28.794573,0,AIR
2022-12-15 13:51:29.158355,0,LIQUID
2022-12-15 13:51:29.319019,0,LIQUID
2022-12-15 13:51:29.997307,0,AIR
2022-12-15 13:51:30.227999,0,LIQUID
2022-12-15 13:51:34.465932,0,LIQUID
2022-12-15 13:51:35.067425,0,LIQUID
2022-12-15 13:51:35.195777,0,LIQUID
2022-12-15 13:51:37.607746,0,AIR
2022-12-15 13:51:37.869854,0,LIQUID
2022-12-15 13:51:38.751116,0,AIR
2022-12-15 13:51:44.626771,0,AIR
2022-12-15 13:51:44.954953,0,AIR
2022-12-15 13:51:45.105407,0,LIQUID
2022-12-15 13:51:45.205510,0,LIQUID
2022-12-15 13:51:45.975538,0,LIQUID
2022-12-15 13:51:46.114403,0,LIQUID
2022-12-15 13:51:46.277841,0,LIQUID
2022-12-15 13:51:50.217974,0,LIQUID
2022-12-15 13:51:50.719639,0,LIQUID
2022-12-15 13:51:50.819915,0,LIQUID
2022-12-15 13:51:53.751939,0,AIR
2022-12-15 13:51:53.979145,0,LIQUID
2022-12-15 13:52:00.649574,0,AIR
2022-12-15 13:52:01.044699,0,LIQUID
2022-12-15 13:52:01.240877,0,LIQUID
2022-12-15 13:52:01.565615,0,LIQUID
2022-12-15 13:52:01.798832,0,LIQUID
2022-12-15 13:52:06.409618,0,LIQUID
2022-12-15 13:52:06.540836,0,AIR
2022-12-15 13:52:07.067074,0,AIR
2022-12-15 13:52:09.238295,0,LIQUID
2022-12-15 13:52:09.579184,0,LIQUID
2022-12-15 13:52:09.918218,0,AIR
2022-12-15 13:52:10.066611,0,LIQUID
2022-12-15 13:52:10.259787,0,LIQUID
2022-12-15 13:52:16.407785,0,AIR
2022-12-15 13:52:16.729831,0,LIQUID
2022-12-15 13:52:16.873066,0,LIQUID
2022-12-15 13:52:17.580388,0,AIR
2022-12-15 13:52:17.808098,0,LIQUID
2022-12-15 13:52:22.092913,0,LIQUID
2022-12-15 13:52:22.268742,0,AIR
2022-12-15 13:52:22.390060,0,LIQUID
2022-12-15 13:52:22.646442,0,LIQUID
2022-12-15 13:52:25.436252,0,LIQUID
2022-12-15 13:52:25.664858,0,LIQUID
2022-12-15 13:52:25.796852,0,LIQUID
2022-12-15 13:52:25.976677,0,AIR
2022-12-15 13:52:26.107523,0,LIQUID
2022-12-15 13:52:32.397123,0,AIR
2022-12-15 13:52:32.529097,0,LIQUID
2022-12-15 13:52:33.264506,0,AIR
2022-12-15 13:52:37.676763,0,LIQUID
2022-12-15 13:52:37.851386,0,LIQUID
2022-12-15 13:52:38.036689,0,LIQUID
2022-12-15 13:52:41.282559,0,AIR
2022-12-15 13:52:41.532404,0,LIQUID
2022-12-15 13:52:41.638512,0,LIQUID
2022-12-15 13:52:41.740405,0,LIQUID
2022-12-15 13:52:47.854325,0,AIR
2022-12-15 13:52:47.974139,0,LIQUID
2022-12-15 13:52:48.077444,0,AIR
2022-12-15 13:52:48.192748,0,LIQUID
2022-12-15 13:52:48.827861,0,AIR
2022-12-15 13:52:48.939714,0,LIQUID
2022-12-15 13:52:53.141093,0,LIQUID
2022-12-15 13:52:53.363651,0,LIQUID
2022-12-15 13:52:56.847426,0,AIR
2022-12-15 13:53:03.410992,0,AIR
2022-12-15 13:53:03.529865,0,AIR
2022-12-15 13:53:03.714117,0,LIQUID
2022-12-15 13:53:04.026814,0,LIQUID
2022-12-15 13:53:04.142148,0,LIQUID
2022-12-15 13:53:08.675384,0,LIQUID
2022-12-15 13:53:09.322561,0,AIR
2022-12-15 13:53:11.649103,0,LIQUID
2022-12-15 13:53:11.781855,0,LIQUID
2022-12-15 13:53:18.730230,0,AIR
2022-12-15 13:53:18.845366,0,LIQUID
2022-12-15 13:53:18.989903,0,LIQUID
2022-12-15 13:53:19.763129,0,LIQUID
2022-12-15 13:53:19.869752,0,AIR
2022-12-15 13:53:24.644216,0,LIQUID
2022-12-15 13:53:27.724229,0,AIR
2022-12-15 13:53:34.302351,0,AIR
2022-12-15 13:53:34.464188,0,LIQUID
2022-12-15 13:53:35.292873,0,AIR
2022-12-15 13:53:39.863892,0,LIQUID
2022-12-15 13:53:43.142881,0,AIR
2022-12-15 13:53:43.258779,0,LIQUID
2022-12-15 13:53:49.709177,0,AIR
2022-12-15 13:53:49.827546,0,LIQUID
2022-12-15 13:53:50.473300,0,LIQUID
2022-12-15 13:53:55.009520,0,LIQUID
2022-12-15 13:53:55.298610,0,LIQUID
2022-12-15 13:53:55.508254,0,LIQUID
2022-12-15 13:53:58.030752,0,LIQUID
2022-12-15 13:53:58.376800,0,LIQUID
2022-12-15 13:53:58.785779,0,AIR
2022-12-15 13:53:58.892097,0,LIQUID
2022-12-15 13:54:04.894767,0,AIR
2022-12-15 13:54:05.011011,0,LIQUID
2022-12-15 13:54:05.930618,0,LIQUID
2022-12-15 13:54:10.129332,0,LIQUID
2022-12-15 13:54:10.414973,0,LIQUID
2022-12-15 13:54:10.615411,0,LIQUID
2022-12-15 13:54:13.628088,0,LIQUID
2022-12-15 13:54:13.770362,0,LIQUID
2022-12-15 13:54:13.983986,0,LIQUID
2022-12-15 13:54:20.090475,0,AIR
2022-12-15 13:54:21.364772,0,LIQUID
2022-12-15 13:54:25.595112,0,LIQUID
2022-12-15 13:54:25.821655,0,LIQUID
2022-12-15 13:54:29.308352,0,AIR
2022-12-15 13:54:35.479015,0,AIR
2022-12-15 13:54:35.580627,0,LIQUID
2022-12-15 13:54:35.714194,0,AIR
2022-12-15 13:54:36.632493,0,LIQUID
2022-12-15 13:54:36.763322,0,LIQUID
2022-12-15 13:54:40.909979,0,LIQUID
2022-12-15 13:54:50.793604,0,AIR
2022-12-15 13:54:50.916255,0,AIR
2022-12-15 13:54:52.040885,0,AIR
2022-12-15 13:55:06.068910,0,AIR
2022-12-15 13:55:07.439696,0,LIQUID
2022-12-15 13:55:21.292499,0,AIR
2022-12-15 13:55:21.485563,0,LIQUID
2022-12-15 13:55:22.683909,0,LIQUID
2022-12-15 13:55:22.794309,0,LIQUID
2022-12-15 14:06:27.487799,0,LIQUID
2022-12-15 14:06:29.820358,0,LIQUID
2022-12-15 14:06:43.452990,0,AIR
2022-12-15 14:06:45.664059,0,LIQUID
2022-12-15 14:06:58.965874,0,LIQUID
2022-12-15 14:07:02.219750,0,LIQUID
2022-12-15 14:07:15.193481,0,LIQUID
2022-12-15 14:07:18.122345,0,LIQUID
2022-12-15 14:07:31.426663,0,LIQUID
2022-12-15 14:07:34.042122,0,LIQUID
2022-12-15 14:07:47.561319,0,AIR
2022-12-15 14:07:49.904591,0,LIQUID
2022-12-15 14:08:03.318434,0,LIQUID
2022-12-15 14:08:06.613926,0,LIQUID
2022-12-15 14:08:19.738904,0,LIQUID
2022-12-15 14:08:22.732974,0,LIQUID
2022-12-15 14:08:36.175471,0,LIQUID
2022-12-15 14:08:38.857639,0,AIR
2022-12-15 14:08:52.499929,0,AIR
2022-12-15 14:08:54.966151,0,LIQUID
2022-12-15 14:10:18.040505,0,LIQUID
2022-12-15 14:10:34.278375,0,LIQUID
2022-12-15 14:10:47.583423,0,LIQUID
2022-12-15 14:10:50.297293,0,LIQUID
2022-12-15 14:10:50.583719,0,LIQUID
2022-12-15 14:11:04.093073,0,LIQUID
2022-12-15 14:11:06.746310,0,AIR
2022-12-15 14:11:20.488042,0,LIQUID
2022-12-15 14:11:23.680007,0,AIR
2022-12-15 14:11:23.812253,0,LIQUID
2022-12-15 14:11:37.014361,0,LIQUID
2022-12-15 14:11:40.500243,0,AIR
2022-12-15 14:11:53.846076,0,AIR
2022-12-15 14:11:56.984797,0,AIR
2022-12-15 14:12:10.564392,0,AIR
2022-12-15 14:12:13.129688,0,AIR
2022-12-15 14:12:13.230424,0,LIQUID
2022-12-15 14:12:26.276175,0,LIQUID
2022-12-15 14:12:29.371026,0,AIR
2022-12-15 14:12:42.323635,0,AIR
2022-12-15 14:12:45.049138,0,AIR
2022-12-15 14:12:58.330908,0,AIR
2022-12-15 14:13:00.730677,0,LIQUID
2022-12-15 14:13:00.842952,0,LIQUID
2022-12-15 14:14:33.038751,0,LIQUID
2022-12-15 14:14:36.178862,0,LIQUID
2022-12-15 14:14:48.702595,0,LIQUID
2022-12-15 14:14:51.433649,0,LIQUID
2022-12-15 14:15:04.363481,0,LIQUID
2022-12-15 14:15:06.756550,0,LIQUID
2022-12-15 14:15:20.055025,0,AIR
2022-12-15 14:15:20.172236,0,LIQUID
2022-12-15 14:15:22.138993,0,AIR
2022-12-15 14:15:22.241741,0,LIQUID
2022-12-15 14:15:33.661449,0,LIQUID
2022-12-15 14:15:35.022017,0,LIQUID
2022-12-15 14:15:35.331686,0,AIR
2022-12-15 14:15:37.515597,0,AIR
2022-12-15 14:15:37.658527,0,LIQUID
2022-12-15 14:15:37.939531,0,AIR
2022-12-15 14:15:50.478831,0,AIR
2022-12-15 14:15:53.030909,0,AIR
2022-12-15 14:16:05.904422,0,AIR
2022-12-15 14:16:08.152353,0,AIR
2022-12-15 14:16:21.370827,0,LIQUID
2022-12-15 14:16:21.478531,0,AIR
2022-12-15 14:16:21.642537,0,LIQUID
2022-12-15 14:16:23.351864,0,AIR
2022-12-15 14:16:23.459628,0,AIR
2022-12-15 14:16:36.323711,0,LIQUID
2022-12-15 14:16:36.565484,0,LIQUID
2022-12-15 14:16:38.890620,0,LIQUID
2022-12-15 14:16:39.161485,0,LIQUID
2022-12-15 14:16:51.759654,0,LIQUID
2022-12-15 14:16:54.205143,0,AIR
2022-12-15 14:17:07.151758,0,AIR
2022-12-15 14:17:09.323222,0,LIQUID
2022-12-15 14:17:09.423297,0,LIQUID
2022-12-15 14:17:22.524250,0,LIQUID
2022-12-15 14:18:39.774909,0,AIR
2022-12-15 14:18:40.356714,0,AIR
2022-12-15 14:18:40.456813,0,LIQUID
2022-12-15 14:19:43.500992,0,AIR
2022-12-15 14:19:44.164866,0,LIQUID
2022-12-15 14:19:51.956240,0,AIR
2022-12-15 14:19:52.170900,0,LIQUID
2022-12-15 14:19:53.071427,0,LIQUID
2022-12-15 14:20:09.707201,0,AIR
2022-12-15 14:20:10.365213,0,LIQUID
2022-12-15 14:20:18.154057,0,AIR
2022-12-15 14:20:18.370537,0,LIQUID
2022-12-15 14:20:24.058686,0,LIQUID
2022-12-15 14:20:35.910650,0,AIR
2022-12-15 14:20:36.566812,0,LIQUID
2022-12-15 14:20:44.356052,0,AIR
2022-12-15 14:20:44.571187,0,LIQUID
2022-12-15 14:21:02.205446,0,AIR
2022-12-15 14:21:02.864446,0,LIQUID
2022-12-15 14:21:10.661370,0,AIR
2022-12-15 14:21:10.877914,0,LIQUID
2022-12-15 14:21:28.526177,0,AIR
2022-12-15 14:21:29.182184,0,LIQUID
2022-12-15 14:21:36.978189,0,AIR
2022-12-15 14:21:37.192495,0,LIQUID
2022-12-15 14:21:54.821951,0,AIR
2022-12-15 14:21:55.483309,0,LIQUID
2022-12-15 14:22:03.281967,0,AIR
2022-12-15 14:22:03.497255,0,LIQUID
2022-12-15 14:22:21.226637,0,AIR
2022-12-15 14:22:21.881979,0,LIQUID
2022-12-15 14:22:29.777882,0,AIR
2022-12-15 14:22:29.991917,0,LIQUID
2022-12-15 14:22:47.722153,0,AIR
2022-12-15 14:22:48.376703,0,LIQUID
2022-12-15 14:22:56.273152,0,AIR
2022-12-15 14:22:56.486309,0,LIQUID
2022-12-15 14:23:14.218130,0,AIR
2022-12-15 14:23:14.871354,0,LIQUID
2022-12-15 14:23:22.770927,0,AIR
2022-12-15 14:23:22.985779,0,LIQUID
2022-12-15 14:23:40.809122,0,AIR
2022-12-15 14:23:41.464408,0,LIQUID
2022-12-15 14:23:49.454826,0,AIR
2022-12-15 14:23:49.668087,0,LIQUID
2022-12-15 14:24:07.527630,0,AIR
2022-12-15 14:24:08.181665,0,LIQUID
2022-12-15 14:24:16.173698,0,AIR
2022-12-15 14:24:16.388514,0,LIQUID
2022-12-15 14:24:34.214166,0,AIR
2022-12-15 14:24:34.867335,0,LIQUID
2022-12-15 14:24:42.858876,0,AIR
2022-12-15 14:24:43.071788,0,LIQUID
2022-12-15 14:25:00.899740,0,AIR
2022-12-15 14:25:01.552578,0,LIQUID
2022-12-15 14:25:09.642222,0,AIR
2022-12-15 14:25:09.857838,0,LIQUID
2022-12-15 14:25:27.681461,0,AIR
2022-12-15 14:25:28.333643,0,LIQUID
2022-12-15 14:25:36.426539,0,AIR
2022-12-15 14:25:36.639828,0,LIQUID
2022-12-15 14:25:54.464059,0,AIR
2022-12-15 14:25:55.115628,0,LIQUID
2022-12-15 14:26:03.206328,0,AIR
2022-12-15 14:26:03.420079,0,LIQUID
2022-12-15 14:26:21.358144,0,AIR
2022-12-15 14:26:22.009890,0,LIQUID
2022-12-15 14:26:30.115786,0,AIR
2022-12-15 14:26:30.328924,0,LIQUID
2022-12-15 14:26:48.268572,0,AIR
2022-12-15 14:26:48.920908,0,LIQUID
2022-12-15 14:26:57.026367,0,AIR
2022-12-15 14:26:57.239403,0,LIQUID
2022-12-15 14:27:15.179399,0,AIR
2022-12-15 14:27:15.831750,0,LIQUID
2022-12-15 14:27:23.923945,0,AIR
2022-12-15 14:27:24.140954,0,LIQUID
2022-12-15 14:27:42.171034,0,AIR
2022-12-15 14:27:42.823779,0,LIQUID
2022-12-15 14:27:51.024745,0,AIR
2022-12-15 14:27:51.242320,0,LIQUID
2022-12-15 14:28:09.289537,0,AIR
2022-12-15 14:28:09.942531,0,LIQUID
2022-12-15 14:28:18.145698,0,AIR
2022-12-15 14:28:18.363209,0,LIQUID
2022-12-15 14:28:36.410653,0,AIR
2022-12-15 14:28:37.064050,0,LIQUID
2022-12-15 14:28:45.260456,0,AIR
2022-12-15 14:28:45.475542,0,LIQUID
2022-12-15 14:29:03.626694,0,AIR
2022-12-15 14:29:04.278297,0,LIQUID
2022-12-15 14:29:12.572628,0,AIR
2022-12-15 14:29:12.787480,0,LIQUID
2022-12-15 14:29:30.937070,0,AIR
2022-12-15 14:29:31.588978,0,LIQUID
2022-12-15 14:29:39.879077,0,AIR
2022-12-15 14:29:40.092796,0,LIQUID
2022-12-15 14:29:58.232225,0,AIR
2022-12-15 14:29:58.884461,0,LIQUID
2022-12-15 14:30:07.173598,0,AIR
2022-12-15 14:30:07.390919,0,LIQUID
2022-12-15 14:30:25.676607,0,AIR
2022-12-15 14:30:26.331958,0,LIQUID
2022-12-15 14:30:34.700373,0,AIR
2022-12-15 14:30:34.915545,0,LIQUID
2022-12-15 14:30:53.151031,0,AIR
2022-12-15 14:30:53.805618,0,LIQUID
2022-12-15 14:31:02.181383,0,AIR
2022-12-15 14:31:02.396306,0,LIQUID
2022-12-15 14:31:07.656022,0,LIQUID
2022-12-15 14:31:07.762106,0,LIQUID
2022-12-15 14:31:20.729297,0,AIR
2022-12-15 14:31:21.386002,0,LIQUID
2022-12-15 14:31:29.732048,0,AIR
2022-12-15 14:31:29.945552,0,LIQUID
2022-12-15 14:31:35.185823,0,LIQUID
2022-12-15 14:31:48.248652,0,AIR
2022-12-15 14:31:48.907088,0,LIQUID
2022-12-15 14:31:57.239561,0,AIR
2022-12-15 14:31:57.453097,0,LIQUID
2022-12-15 14:32:02.845398,0,LIQUID
2022-12-15 14:32:02.956204,0,LIQUID
2022-12-15 14:32:04.329661,0,LIQUID
2022-12-15 14:32:14.404922,0,LIQUID
2022-12-15 14:32:15.815899,0,AIR
2022-12-15 14:32:16.463885,0,LIQUID
2022-12-15 14:32:24.770403,0,AIR
2022-12-15 14:32:24.980257,0,LIQUID
2022-12-15 14:32:25.478714,0,LIQUID
2022-12-15 14:32:30.308478,0,LIQUID
2022-12-15 14:32:43.365743,0,AIR
2022-12-15 14:32:44.002842,0,LIQUID
2022-12-15 14:32:52.289184,0,AIR
2022-12-15 14:32:52.495776,0,LIQUID
2022-12-15 14:32:57.746887,0,LIQUID
2022-12-15 14:32:57.855677,0,LIQUID
2022-12-15 14:32:58.257378,0,LIQUID
2022-12-15 14:33:10.773612,0,AIR
2022-12-15 14:33:11.414281,0,LIQUID
2022-12-15 14:33:19.809645,0,AIR
2022-12-15 14:33:20.018302,0,LIQUID
2022-12-15 14:33:25.354794,0,LIQUID
2022-12-15 14:33:25.468219,0,LIQUID
2022-12-15 14:33:25.590591,0,LIQUID
2022-12-15 14:33:25.711488,0,LIQUID
2022-12-15 14:33:25.839021,0,LIQUID
2022-12-15 14:33:38.269120,0,AIR
2022-12-15 14:33:38.894345,0,LIQUID
2022-12-15 14:33:47.309556,0,AIR
2022-12-15 14:33:47.513162,0,LIQUID
2022-12-15 14:33:52.917644,0,AIR
2022-12-15 14:33:53.138126,0,LIQUID
2022-12-15 14:33:53.244072,0,LIQUID
2022-12-15 14:34:05.814257,0,AIR
2022-12-15 14:34:06.435531,0,LIQUID
2022-12-15 14:34:14.840538,0,AIR
2022-12-15 14:34:15.041874,0,LIQUID
2022-12-15 14:34:20.423951,0,LIQUID
2022-12-15 14:34:20.842120,0,LIQUID
2022-12-15 14:34:33.058486,0,AIR
2022-12-15 14:34:33.686810,0,LIQUID
2022-12-15 14:34:41.655079,0,AIR
2022-12-15 14:34:41.858675,0,LIQUID
2022-12-15 14:34:47.280862,0,LIQUID
2022-12-15 14:34:47.498070,0,AIR
2022-12-15 14:34:59.861006,0,AIR
2022-12-15 14:35:00.485948,0,LIQUID
2022-12-15 14:35:08.446364,0,AIR
2022-12-15 14:35:08.647722,0,LIQUID
2022-12-15 14:35:13.981929,0,LIQUID
2022-12-15 14:35:14.352058,0,LIQUID
2022-12-15 14:35:14.476528,0,AIR
2022-12-15 14:35:26.591058,0,AIR
2022-12-15 14:35:27.218976,0,LIQUID
2022-12-15 14:35:35.212395,0,AIR
2022-12-15 14:35:35.415124,0,LIQUID
2022-12-15 14:35:40.769928,0,LIQUID
2022-12-15 14:35:40.887828,0,LIQUID
2022-12-15 14:35:41.049168,0,LIQUID
2022-12-15 14:35:41.242997,0,LIQUID
2022-12-15 14:35:53.307713,0,AIR
2022-12-15 14:35:53.929666,0,LIQUID
2022-12-15 14:36:01.911671,0,AIR
2022-12-15 14:36:02.112882,0,LIQUID
2022-12-15 14:36:07.418955,0,LIQUID
2022-12-15 14:36:07.881414,0,LIQUID
2022-12-15 14:36:08.005955,0,LIQUID
2022-12-15 14:36:19.994849,0,AIR
2022-12-15 14:36:20.621287,0,LIQUID
2022-12-15 14:36:28.598389,0,AIR
2022-12-15 14:36:28.801704,0,LIQUID
2022-12-15 14:36:34.225800,0,LIQUID
2022-12-15 14:36:34.359920,0,LIQUID
2022-12-15 14:36:35.240175,0,LIQUID
2022-12-15 14:36:46.400487,0,AIR
2022-12-15 14:36:46.702737,0,AIR
2022-12-15 14:36:47.323521,0,LIQUID
2022-12-15 14:36:55.290096,0,AIR
2022-12-15 14:36:55.491568,0,LIQUID
2022-12-15 14:36:55.604704,0,LIQUID
2022-12-15 14:37:00.748401,0,LIQUID
2022-12-15 14:37:00.855000,0,LIQUID
2022-12-15 14:37:01.026102,0,LIQUID
2022-12-15 14:37:01.349132,0,LIQUID
2022-12-15 14:37:13.220403,0,AIR
2022-12-15 14:37:13.830971,0,LIQUID
2022-12-15 14:37:21.609713,0,AIR
2022-12-15 14:37:21.806022,0,LIQUID
2022-12-15 14:37:27.159687,0,LIQUID
2022-12-15 14:37:27.356024,0,LIQUID
2022-12-15 14:37:27.481007,0,LIQUID
2022-12-15 14:37:27.703804,0,LIQUID
2022-12-15 14:37:39.598855,0,AIR
2022-12-15 14:37:40.178496,0,LIQUID
2022-12-15 14:37:47.925413,0,AIR
2022-12-15 14:37:48.113307,0,LIQUID
2022-12-15 14:37:53.490410,0,LIQUID
2022-12-15 14:37:54.030328,0,LIQUID
2022-12-15 14:38:05.853931,0,AIR
2022-12-15 14:38:06.480620,0,LIQUID
2022-12-15 14:38:14.227654,0,AIR
2022-12-15 14:38:14.428955,0,LIQUID
2022-12-15 14:38:19.725180,0,LIQUID
2022-12-15 14:38:20.120768,0,LIQUID
2022-12-15 14:38:20.263248,0,LIQUID
2022-12-15 14:38:31.979477,0,AIR
2022-12-15 14:38:32.618723,0,LIQUID
2022-12-15 14:38:40.300035,0,AIR
2022-12-15 14:38:40.505622,0,LIQUID
2022-12-15 14:38:45.781329,0,AIR
2022-12-15 14:38:45.942369,0,LIQUID
2022-12-15 14:38:46.143471,0,LIQUID
2022-12-15 14:38:46.416646,0,AIR
2022-12-15 14:38:57.996350,0,AIR
2022-12-15 14:38:58.641898,0,LIQUID
2022-12-15 14:39:06.365416,0,AIR
2022-12-15 14:39:06.573155,0,LIQUID
2022-12-15 14:39:11.876306,0,LIQUID
2022-12-15 14:39:12.010812,0,LIQUID
2022-12-15 14:39:12.365299,0,LIQUID
2022-12-15 14:39:12.473324,0,LIQUID
2022-12-15 14:39:24.122917,0,AIR
2022-12-15 14:39:24.760186,0,LIQUID
2022-12-15 14:39:32.478283,0,AIR
2022-12-15 14:39:32.687207,0,LIQUID
2022-12-15 14:39:38.388181,0,AIR
2022-12-15 14:39:50.274218,0,AIR
2022-12-15 14:39:50.906033,0,LIQUID
2022-12-15 14:39:58.595243,0,AIR
2022-12-15 14:39:58.799275,0,LIQUID
2022-12-15 14:40:04.166252,0,LIQUID
2022-12-15 14:40:04.572927,0,LIQUID
2022-12-15 14:40:05.032473,0,LIQUID
2022-12-15 14:40:16.315874,0,AIR
2022-12-15 14:40:16.961593,0,LIQUID
2022-12-15 14:40:24.683286,0,AIR
2022-12-15 14:40:24.893128,0,LIQUID
2022-12-15 14:40:30.191619,0,LIQUID
2022-12-15 14:40:30.294654,0,LIQUID
2022-12-15 14:40:30.514997,0,LIQUID
2022-12-15 14:40:30.623834,0,LIQUID
2022-12-15 14:40:30.895002,0,AIR
2022-12-15 14:40:42.403381,0,AIR
2022-12-15 14:40:43.047992,0,LIQUID
2022-12-15 14:40:50.752834,0,AIR
2022-12-15 14:40:50.960920,0,LIQUID
2022-12-15 14:40:56.307440,0,LIQUID
